Наименование,Заказано,Местонахождение,,Цена\Итого,4410
"Счетчик эл.энергии перем. Тока стат. ""ГРАН-ЭЛЕКТРО СС-301.5.1/U/1""3x230/400 5(40)А кл.1RS-485",10,,Ремонт учётов,441,
,,,Ремонт учётов,,
,,,Ремонт учётов,,
,,,Ремонт учётов,,
,,,Ремонт учётов,,
,,,Ремонт учётов,,
,,,Ремонт учётов,,
,,,Ремонт учётов,,
,,,Ремонт учётов,,
,,,Ремонт учётов,,
,,,Ремонт учётов,,
,,,Ремонт учётов,,
,,,Ремонт учётов,,
,,,Ремонт учётов,,
,,,Ремонт учётов,,
,,,Ремонт учётов,,
,,,Ремонт учётов,,
,,,Ремонт учётов,,
,,,Ремонт учётов,,
,,,Ремонт учётов,,
,,,Ремонт учётов,,
,,,Ремонт учётов,,
,,,Ремонт учётов,,